thread,count
154,7685
155,187
156,188
158,927
159,498
160,610
161,1071
164,272
165,515
166,918
169,783
208,188
209,97
210,40
221,404
225,153
300,7438
301,1631
307,553
309,151
310,41794
311,648
315,613
317,2015
319,998
320,294
321,155
326,159
327,839
333,323
334,224
349,195
350,97
355,398
369,170
372,353
400,10001
402,154
413,1797
422,374
433,831
434,816
435,933
445,231
469,413
470,336
471,180
498,1796
500,2071
501,671
503,213
505,337
517,803
520,683
524,360
550,2788
552,142
553,154
554,75
561,1095
562,299
564,93
581,666
597,230
601,68
606,991
640,441
644,534
666,712
677,471
701,272
702,184
703,184
704,153
720,8813
721,214
725,1130
726,766
729,408
730,1747
732,1804
733,511
738,279
739,363
740,11957
741,5964
742,3989
744,180
762,499
772,307
775,589
779,1859
780,2017
782,5586
791,752
792,436
793,243
794,166
796,638
798,393
799,360
801,550
803,1926
807,1168
809,122
813,580
814,13097
815,5797
817,12623
820,4816
823,9296
824,872
825,453
826,514
833,467
838,1025
890,1905
891,51
892,43
895,492
898,1105
900,1679
902,5946
905,737
906,127
907,173
911,265
912,243
913,153
915,565
917,309
918,873
919,7675
920,3254
921,553
922,222
924,898
930,1499
931,700
932,544
934,2558
935,510
936,2062
938,6926
939,26167
943,940
946,6058
954,113
958,1344
959,1179
961,126
962,43
964,1124
966,214
972,5481
975,892
976,1175
977,360
986,622
988,213
989,145
992,259
995,1243
996,2175
3012,405
3021,614
3031,906
3041,924
3042,757
3072,909
3078,405
3326,13
3346,370
3348,289
3350,149
3354,28
3363,409
3364,228
3371,16877
3687,176
3688,104
3689,45
3705,11
3721,330
3722,309
3727,136
3731,103
3743,843
3747,399
3750,3351
3752,439
3756,1085
3760,882
3761,2881
3765,1899
3766,2637
3771,78
3776,322
3777,209
3787,1014
3799,2605
3801,43
3807,430
3808,1598
3810,429
3811,143
3814,1272
3815,499
3816,284
3818,1190
3819,407
3820,1475
3821,752
3822,441
3827,262
3830,362
3832,96
3834,1339
3835,242
3836,209
3837,119
3838,236
3842,3086
3844,621
3846,376
3847,2163
3848,1310
3850,343
3851,526
3852,5976
3855,247
3857,941
3858,669
3859,397
3860,825
3861,662
3862,1145
3863,583
3864,325
Ecru,659